SerialNumber,Device,MSICode,Version,Location,User,
MJ062U22,DFA000459,Symtrax - Compleo Suite 5,{fb9c7fcb-f184-4dad-8d22-1de82d9c3628},5.1.00,CBG01-Cedarburg,cosmith
MJ09PS59,CBD-CS-D-002253,Symtrax - Compleo Suite 5,{fb9c7fcb-f184-4dad-8d22-1de82d9c3628},5.1.00,CBG01-Cedarburg,ajeffer
R90T69K2,CDB-FN-M-001547,Symtrax - Compleo Suite 5,{fb9c7fcb-f184-4dad-8d22-1de82d9c3628},5.1.00,FRM02-FarmingtonDC,jrabey
MJ09PS64,CDB-OP-D-000873,Symtrax - Compleo Suite 5,{fb9c7fcb-f184-4dad-8d22-1de82d9c3628},5.1.00,CBG01-Cedarburg,scanner1
MJ08DTPQ,CDB-OP-D-001620,Symtrax - Compleo Suite 5,{fb9c7fcb-f184-4dad-8d22-1de82d9c3628},5.1.00,CBG01-Cedarburg,cedarburghmi
R90SZBM4,CDB-OP-M-001443,Symtrax - Compleo Suite 5,{fb9c7fcb-f184-4dad-8d22-1de82d9c3628},5.1.00,AZR01-AzureIowa,cosmith
MJ09PS6W,CDB-PD-D-000656,Symtrax - Compleo Suite 5,{fb9c7fcb-f184-4dad-8d22-1de82d9c3628},5.1.00,CBG01-Cedarburg,jferrei1
R90VW2AN,CDB-PD-L-004005,Symtrax - Compleo Suite 5,{fb9c7fcb-f184-4dad-8d22-1de82d9c3628},5.1.00,CBG01-Cedarburg,smuelle
R90TYDM2,CDB-SL-L-001824,Symtrax - Compleo Suite 5,{fb9c7fcb-f184-4dad-8d22-1de82d9c3628},5.1.00,MIN02-MinnMilk,wturner
R90W1AJN,CDB-SL-L-002442,Symtrax - Compleo Suite 5,{fb9c7fcb-f184-4dad-8d22-1de82d9c3628},5.1.00,AZR01-AzureIowa,jweber
R90W1AKE,CDB-SL-L-002447,Symtrax - Compleo Suite 5,{fb9c7fcb-f184-4dad-8d22-1de82d9c3628},5.1.00,AZR01-AzureIowa,chuffma
R90VNPGM,CDB-ST-L-001926,Symtrax - Compleo Suite 5,{fb9c7fcb-f184-4dad-8d22-1de82d9c3628},5.1.00,AZR01-AzureIowa,Kopetskd
R90VNPGL,CDB-ST-L-001927,Symtrax - Compleo Suite 5,{fb9c7fcb-f184-4dad-8d22-1de82d9c3628},5.1.00,FGO01-Fargo,Williamd
MJ08CZ56,CDB-TP-D-001809,Symtrax - Compleo Suite 5,{fb9c7fcb-f184-4dad-8d22-1de82d9c3628},5.1.00,CBG01-Cedarburg,ebliss
PF25L4BT,DEANS-KKULBER2,Symtrax - Compleo Suite 5,{fb9c7fcb-f184-4dad-8d22-1de82d9c3628},5.1.00,AZR01-AzureIowa,kculber2
PF2CYVWC,DF006903,Symtrax - Compleo Suite 5,{fb9c7fcb-f184-4dad-8d22-1de82d9c3628},5.1.00,STP01-StPaul,Whittiet
R90LQKNB,DFA000006,Symtrax - Compleo Suite 5,{fb9c7fcb-f184-4dad-8d22-1de82d9c3628},5.1.00,AZR01-AzureIowa,VorWaldb
R90LQKSK,DFA000017,Symtrax - Compleo Suite 5,{fb9c7fcb-f184-4dad-8d22-1de82d9c3628},5.1.00,ROC02-RochesterIC,pstanto
MJ052UWZ,DFA000019,Symtrax - Compleo Suite 5,{fb9c7fcb-f184-4dad-8d22-1de82d9c3628},5.1.00,ROC02-RochesterIC,FactoryIT
R90MAVDG,DFA000031,Symtrax - Compleo Suite 5,{fb9c7fcb-f184-4dad-8d22-1de82d9c3628},5.1.00,STP01-StPaul,Aquinok
R90MJ7JD,DFA000157,Symtrax - Compleo Suite 5,{fb9c7fcb-f184-4dad-8d22-1de82d9c3628},5.1.00,ROC02-RochesterIC,bhunter
R90MJ7J5,DFA000162,Symtrax - Compleo Suite 5,{fb9c7fcb-f184-4dad-8d22-1de82d9c3628},5.1.00,AZR01-AzureIowa,McDonalm
R90MJ7HK,DFA000166,Symtrax - Compleo Suite 5,{fb9c7fcb-f184-4dad-8d22-1de82d9c3628},5.1.00,AZR01-AzureIowa,syang1
R90MJ7QF,DFA000167,Symtrax - Compleo Suite 5,{fb9c7fcb-f184-4dad-8d22-1de82d9c3628},5.1.00,AZR01-AzureIowa,akunkel
R90MJ7HY,DFA000168,Symtrax - Compleo Suite 5,{fb9c7fcb-f184-4dad-8d22-1de82d9c3628},5.1.00,AZR01-AzureIowa,Hayesj
R90MJ7K8,DFA000173,Symtrax - Compleo Suite 5,{fb9c7fcb-f184-4dad-8d22-1de82d9c3628},5.1.00,ROC02-RochesterIC,jerschn
MJ05KP4B,DFA000181,Symtrax - Compleo Suite 5,{fb9c7fcb-f184-4dad-8d22-1de82d9c3628},5.1.00,FGO01-Fargo,jrosado1
MJ05KNLA,DFA000184,Symtrax - Compleo Suite 5,{fb9c7fcb-f184-4dad-8d22-1de82d9c3628},5.1.00,ROC02-RochesterIC,Kemps
MJ05KNLJ,DFA000189,Symtrax - Compleo Suite 5,{fb9c7fcb-f184-4dad-8d22-1de82d9c3628},5.1.00,ROC02-RochesterIC,Kemps
R90NSRP7,DFA000278,Symtrax - Compleo Suite 5,{fb9c7fcb-f184-4dad-8d22-1de82d9c3628},5.1.00,AZR01-AzureIowa,tnadeau
R90MEFZT,DFA000334,Symtrax - Compleo Suite 5,{fb9c7fcb-f184-4dad-8d22-1de82d9c3628},5.1.00,STP01-StPaul,sansdj01
R90MEKL2,DFA000335,Symtrax - Compleo Suite 5,{fb9c7fcb-f184-4dad-8d22-1de82d9c3628},5.1.00,STP01-StPaul,tcaprio
R90MEKL0,DFA000336,Symtrax - Compleo Suite 5,{fb9c7fcb-f184-4dad-8d22-1de82d9c3628},5.1.00,ROC02-RochesterIC,behnbj01
R90MEG25,DFA000337,Symtrax - Compleo Suite 5,{fb9c7fcb-f184-4dad-8d22-1de82d9c3628},5.1.00,AZR01-AzureIowa,Pelkiem
R90MEG0R,DFA000339,Symtrax - Compleo Suite 5,{fb9c7fcb-f184-4dad-8d22-1de82d9c3628},5.1.00,MIN02-MinnMilk,Pludej
R90MEG02,DFA000341,Symtrax - Compleo Suite 5,{fb9c7fcb-f184-4dad-8d22-1de82d9c3628},5.1.00,AZR01-AzureIowa,CMuller
R90MEKKR,DFA000343,Symtrax - Compleo Suite 5,{fb9c7fcb-f184-4dad-8d22-1de82d9c3628},5.1.00,AZR01-AzureIowa,robicm01
R90MEKLH,DFA000344,Symtrax - Compleo Suite 5,{fb9c7fcb-f184-4dad-8d22-1de82d9c3628},5.1.00,STP01-StPaul,dboyum
R90MEKLA,DFA000345,Symtrax - Compleo Suite 5,{fb9c7fcb-f184-4dad-8d22-1de82d9c3628},5.1.00,AZR01-AzureIowa,kingj
R90MEKHD,DFA000346,Symtrax - Compleo Suite 5,{fb9c7fcb-f184-4dad-8d22-1de82d9c3628},5.1.00,ROC02-RochesterIC,tboomga
R90MEKM4,DFA000347,Symtrax - Compleo Suite 5,{fb9c7fcb-f184-4dad-8d22-1de82d9c3628},5.1.00,ROC02-RochesterIC,agrinol
R90MEKKP,DFA000348,Symtrax - Compleo Suite 5,{fb9c7fcb-f184-4dad-8d22-1de82d9c3628},5.1.00,AZR01-AzureIowa,tbenson
R90MEKL7,DFA000350,Symtrax - Compleo Suite 5,{fb9c7fcb-f184-4dad-8d22-1de82d9c3628},5.1.00,STP01-StPaul,Lesnarl
R90MEKJA,DFA000351,Symtrax - Compleo Suite 5,{fb9c7fcb-f184-4dad-8d22-1de82d9c3628},5.1.00,STP01-StPaul,tcaprio
R90MEKLC,DFA000352,Symtrax - Compleo Suite 5,{fb9c7fcb-f184-4dad-8d22-1de82d9c3628},5.1.00,AZR01-AzureIowa,tehall
R90MEKJQ,DFA000353,Symtrax - Compleo Suite 5,{fb9c7fcb-f184-4dad-8d22-1de82d9c3628},5.1.00,AZR01-AzureIowa,kbongar
R90NRF3B,DFA000400,Symtrax - Compleo Suite 5,{fb9c7fcb-f184-4dad-8d22-1de82d9c3628},5.1.00,FRM01-Farmington,Feulingr
R90NREKD,DFA000401,Symtrax - Compleo Suite 5,{fb9c7fcb-f184-4dad-8d22-1de82d9c3628},5.1.00,AZR01-AzureIowa,jschule
R90NREK1,DFA000402,Symtrax - Compleo Suite 5,{fb9c7fcb-f184-4dad-8d22-1de82d9c3628},5.1.00,ROC02-RochesterIC,mitchelk
R90NREWA,DFA000405,Symtrax - Compleo Suite 5,{fb9c7fcb-f184-4dad-8d22-1de82d9c3628},5.1.00,AZR01-AzureIowa,Puntonm
R90NR8NE,DFA000406,Symtrax - Compleo Suite 5,{fb9c7fcb-f184-4dad-8d22-1de82d9c3628},5.1.00,AZR01-AzureIowa,Puziewim
R90NR8LA,DFA000407,Symtrax - Compleo Suite 5,{fb9c7fcb-f184-4dad-8d22-1de82d9c3628},5.1.00,AZR01-AzureIowa,disedm01
R90NR8M4,DFA000408,Symtrax - Compleo Suite 5,{fb9c7fcb-f184-4dad-8d22-1de82d9c3628},5.1.00,FGO01-Fargo,kimmbd01
R90NRF1G,DFA000410,Symtrax - Compleo Suite 5,{fb9c7fcb-f184-4dad-8d22-1de82d9c3628},5.1.00,MIN02-MinnMilk,aglende
R90NRF0A,DFA000412,Symtrax - Compleo Suite 5,{fb9c7fcb-f184-4dad-8d22-1de82d9c3628},5.1.00,AZR01-AzureIowa,mendam01
R90NRV5K,DFA000413,Symtrax - Compleo Suite 5,{fb9c7fcb-f184-4dad-8d22-1de82d9c3628},5.1.00,AZR01-AzureIowa,mbraith
R90NREZV,DFA000416,Symtrax - Compleo Suite 5,{fb9c7fcb-f184-4dad-8d22-1de82d9c3628},5.1.00,STP01-StPaul,kboerbo
R90NRV3B,DFA000417,Symtrax - Compleo Suite 5,{fb9c7fcb-f184-4dad-8d22-1de82d9c3628},5.1.00,AZR01-AzureIowa,bgeffre
R90NRV5J,DFA000419,Symtrax - Compleo Suite 5,{fb9c7fcb-f184-4dad-8d22-1de82d9c3628},5.1.00,AZR01-AzureIowa,gzimmer
R90NRV47,DFA000420,Symtrax - Compleo Suite 5,{fb9c7fcb-f184-4dad-8d22-1de82d9c3628},5.1.00,AZR01-AzureIowa,mayerc
R90NRERD,DFA000421,Symtrax - Compleo Suite 5,{fb9c7fcb-f184-4dad-8d22-1de82d9c3628},5.1.00,AZR01-AzureIowa,stedfor
PF0T6R69,DFA000447,Symtrax - Compleo Suite 5,{fb9c7fcb-f184-4dad-8d22-1de82d9c3628},5.1.00,CBG01-Cedarburg,jphipps
MJ060PT8,DFA000457,Symtrax - Compleo Suite 5,{fb9c7fcb-f184-4dad-8d22-1de82d9c3628},5.1.00,MIN02-MinnMilk,bgoetsc
MJ060PSU,DFA000458,Symtrax - Compleo Suite 5,{fb9c7fcb-f184-4dad-8d22-1de82d9c3628},5.1.00,FGO01-Fargo,fargolb
MJ062U1M,DFA000460,Symtrax - Compleo Suite 5,{fb9c7fcb-f184-4dad-8d22-1de82d9c3628},5.1.00,MIN02-MinnMilk,minserti
MJ062U29,DFA000462,Symtrax - Compleo Suite 5,{fb9c7fcb-f184-4dad-8d22-1de82d9c3628},5.1.00,MIN02-MinnMilk,Kemps
MJ062U2L,DFA000463,Symtrax - Compleo Suite 5,{fb9c7fcb-f184-4dad-8d22-1de82d9c3628},5.1.00,MIN02-MinnMilk,dstaats
MJ062U2A,DFA000464,Symtrax - Compleo Suite 5,{fb9c7fcb-f184-4dad-8d22-1de82d9c3628},5.1.00,ROC02-RochesterIC,benscr01
MJ062U1V,DFA000467,Symtrax - Compleo Suite 5,{fb9c7fcb-f184-4dad-8d22-1de82d9c3628},5.1.00,CBG01-Cedarburg,CBTEK1
MJ062U2T,DFA000468,Symtrax - Compleo Suite 5,{fb9c7fcb-f184-4dad-8d22-1de82d9c3628},5.1.00,CBG01-Cedarburg,ebliss
MJ062U2M,DFA000469,Symtrax - Compleo Suite 5,{fb9c7fcb-f184-4dad-8d22-1de82d9c3628},5.1.00,MIN02-MinnMilk,vsrihar
MJ062U2U,DFA000470,Symtrax - Compleo Suite 5,{fb9c7fcb-f184-4dad-8d22-1de82d9c3628},5.1.00,STP01-StPaul,disedm01
MJ062U2S,DFA000471,Symtrax - Compleo Suite 5,{fb9c7fcb-f184-4dad-8d22-1de82d9c3628},5.1.00,AZR01-AzureIowa,bdryden
MJ062U21,DFA000472,Symtrax - Compleo Suite 5,{fb9c7fcb-f184-4dad-8d22-1de82d9c3628},5.1.00,FRM02-FarmingtonDC,farmingtondock
MJ062U2P,DFA000473,Symtrax - Compleo Suite 5,{fb9c7fcb-f184-4dad-8d22-1de82d9c3628},5.1.00,CBG01-Cedarburg,Muellerg
MJ062U2C,DFA000475,Symtrax - Compleo Suite 5,{fb9c7fcb-f184-4dad-8d22-1de82d9c3628},5.1.00,FRM02-FarmingtonDC,kolson
MJ062U2W,DFA000476,Symtrax - Compleo Suite 5,{fb9c7fcb-f184-4dad-8d22-1de82d9c3628},5.1.00,ROC02-RochesterIC,svath1
MJ062U2F,DFA000478,Symtrax - Compleo Suite 5,{fb9c7fcb-f184-4dad-8d22-1de82d9c3628},5.1.00,ROC02-RochesterIC,rngin
MJ062U25,DFA000479,Symtrax - Compleo Suite 5,{fb9c7fcb-f184-4dad-8d22-1de82d9c3628},5.1.00,MIN02-MinnMilk,kenjone
MJ065QBP,DFA000491,Symtrax - Compleo Suite 5,{fb9c7fcb-f184-4dad-8d22-1de82d9c3628},5.1.00,ROC02-RochesterIC,Nohnerr
MJ062U2N,DFA000492,Symtrax - Compleo Suite 5,{fb9c7fcb-f184-4dad-8d22-1de82d9c3628},5.1.00,STP01-StPaul,ietest1
MJ065QCV,DFA000565,Symtrax - Compleo Suite 5,{fb9c7fcb-f184-4dad-8d22-1de82d9c3628},5.1.00,MIN02-MinnMilk,Kemps
MJ065QB8,DFA000568,Symtrax - Compleo Suite 5,{fb9c7fcb-f184-4dad-8d22-1de82d9c3628},5.1.00,STP01-StPaul,Mitzvl01
MJ065QCP,DFA000569,Symtrax - Compleo Suite 5,{fb9c7fcb-f184-4dad-8d22-1de82d9c3628},5.1.00,STP01-StPaul,
MJ065QCB,DFA000570,Symtrax - Compleo Suite 5,{fb9c7fcb-f184-4dad-8d22-1de82d9c3628},5.1.00,CBG01-Cedarburg,Cbtek3
MJ062U2E,DFA000579,Symtrax - Compleo Suite 5,{fb9c7fcb-f184-4dad-8d22-1de82d9c3628},5.1.00,ROC02-RochesterIC,
MJ065QAN,DFA000582,Symtrax - Compleo Suite 5,{fb9c7fcb-f184-4dad-8d22-1de82d9c3628},5.1.00,FRM01-Farmington,gsymitc
MJ065QA9,DFA000585,Symtrax - Compleo Suite 5,{fb9c7fcb-f184-4dad-8d22-1de82d9c3628},5.1.00,ROC02-RochesterIC,lobdja01
MJ065QAK,DFA000588,Symtrax - Compleo Suite 5,{fb9c7fcb-f184-4dad-8d22-1de82d9c3628},5.1.00,ROC02-RochesterIC,Kemps
MJ065QBA,DFA000590,Symtrax - Compleo Suite 5,{fb9c7fcb-f184-4dad-8d22-1de82d9c3628},5.1.00,CBG01-Cedarburg,Kemps
R90PND8W,DFA000632,Symtrax - Compleo Suite 5,{fb9c7fcb-f184-4dad-8d22-1de82d9c3628},5.1.00,FGO01-Fargo,Jdavenp1
R90PND8V,DFA000646,Symtrax - Compleo Suite 5,{fb9c7fcb-f184-4dad-8d22-1de82d9c3628},5.1.00,AZR01-AzureIowa,Olhedr01
PC0RF3C6,DFA000657,Symtrax - Compleo Suite 5,{fb9c7fcb-f184-4dad-8d22-1de82d9c3628},5.1.00,SGF03-Springfield-TechCenter,jbumgar
PF0YLFA0,DFA000691,Symtrax - Compleo Suite 5,{fb9c7fcb-f184-4dad-8d22-1de82d9c3628},5.1.00,STP01-StPaul,tlann
PF1240ND,DFA000790,Symtrax - Compleo Suite 5,{fb9c7fcb-f184-4dad-8d22-1de82d9c3628},5.1.00,STP01-StPaul,Medigert
R90QF4RJ,DFA000798,Symtrax - Compleo Suite 5,{fb9c7fcb-f184-4dad-8d22-1de82d9c3628},5.1.00,FRM01-Farmington,bgullic
R90QGW8Z,DFA000862,Symtrax - Compleo Suite 5,{fb9c7fcb-f184-4dad-8d22-1de82d9c3628},5.1.00,AZR01-AzureIowa,jensonc
R90QGW8T,DFA000863,Symtrax - Compleo Suite 5,{fb9c7fcb-f184-4dad-8d22-1de82d9c3628},5.1.00,AZR01-AzureIowa,Hewittb
R90QGW8S,DFA000865,Symtrax - Compleo Suite 5,{fb9c7fcb-f184-4dad-8d22-1de82d9c3628},5.1.00,AZR01-AzureIowa,taylja01
R90QGW8V,DFA000866,Symtrax - Compleo Suite 5,{fb9c7fcb-f184-4dad-8d22-1de82d9c3628},5.1.00,ROC02-RochesterIC,mhanson3
R90QGW8W,DFA000867,Symtrax - Compleo Suite 5,{fb9c7fcb-f184-4dad-8d22-1de82d9c3628},5.1.00,AZR01-AzureIowa,tvillan
R90QGU0Y,DFA000951,Symtrax - Compleo Suite 5,{fb9c7fcb-f184-4dad-8d22-1de82d9c3628},5.1.00,AZR01-AzureIowa,Hastingk
R90QQFAB,DFA001021,Symtrax - Compleo Suite 5,{fb9c7fcb-f184-4dad-8d22-1de82d9c3628},5.1.00,ROC02-RochesterIC,Hufstedm
R90QQFAD,DFA001053,Symtrax - Compleo Suite 5,{fb9c7fcb-f184-4dad-8d22-1de82d9c3628},5.1.00,CHI02-Chicago,rmelo
MJ06YFT6,DFA001074,Symtrax - Compleo Suite 5,{fb9c7fcb-f184-4dad-8d22-1de82d9c3628},5.1.00,FGO01-Fargo,Kemps
MJ07AEAY,DFA001093,Symtrax - Compleo Suite 5,{fb9c7fcb-f184-4dad-8d22-1de82d9c3628},5.1.00,CBG01-Cedarburg,
R90R3UXJ,DFA001096,Symtrax - Compleo Suite 5,{fb9c7fcb-f184-4dad-8d22-1de82d9c3628},5.1.00,AZR01-AzureIowa,andrtb01
MJ07B357,DFA001099,Symtrax - Compleo Suite 5,{fb9c7fcb-f184-4dad-8d22-1de82d9c3628},5.8.00,AZR01-AzureIowa,gthomso
MJ07AEAT,DFA001100,Symtrax - Compleo Suite 5,{fb9c7fcb-f184-4dad-8d22-1de82d9c3628},5.1.00,MIN02-MinnMilk,minnmilkhmi
MJ07AEAX,DFA001101,Symtrax - Compleo Suite 5,{fb9c7fcb-f184-4dad-8d22-1de82d9c3628},5.1.00,MIN02-MinnMilk,minnmilkhmi
R90R9D1D,DFA001119,Symtrax - Compleo Suite 5,{fb9c7fcb-f184-4dad-8d22-1de82d9c3628},5.1.00,MIN02-MinnMilk,mmoen
R90R9D12,DFA001124,Symtrax - Compleo Suite 5,{fb9c7fcb-f184-4dad-8d22-1de82d9c3628},5.1.00,AZR01-AzureIowa,purcml01
PC0VFLW0,DFA001168,Symtrax - Compleo Suite 5,{fb9c7fcb-f184-4dad-8d22-1de82d9c3628},5.1.00,ROC02-RochesterIC,Bantnm01
R90RLY0S,DFA001174,Symtrax - Compleo Suite 5,{fb9c7fcb-f184-4dad-8d22-1de82d9c3628},5.1.00,ROC02-RochesterIC,kimmbd01
R90RLY0N,DFA001175,Symtrax - Compleo Suite 5,{fb9c7fcb-f184-4dad-8d22-1de82d9c3628},5.1.00,AZR01-AzureIowa,mapeder
R90RCLBY,DFA001203,Symtrax - Compleo Suite 5,{fb9c7fcb-f184-4dad-8d22-1de82d9c3628},5.1.00,AZR01-AzureIowa,larkinsj
R90RJ1S5,DFA001221,Symtrax - Compleo Suite 5,{fb9c7fcb-f184-4dad-8d22-1de82d9c3628},5.1.00,AZR01-AzureIowa,rtahtin
R90RUV22,DFA001223,Symtrax - Compleo Suite 5,{fb9c7fcb-f184-4dad-8d22-1de82d9c3628},5.1.00,AZR01-AzureIowa,cpadgit
R90RJ1S7,DFA001231,Symtrax - Compleo Suite 5,{fb9c7fcb-f184-4dad-8d22-1de82d9c3628},5.1.00,CBG01-Cedarburg,Dardisa
MJ07T27L,DFA001290,Symtrax - Compleo Suite 5,{fb9c7fcb-f184-4dad-8d22-1de82d9c3628},5.1.00,AZR01-AzureIowa,scohen1
MJ07T27K,DFA001298,Symtrax - Compleo Suite 5,{fb9c7fcb-f184-4dad-8d22-1de82d9c3628},5.1.00,ROC02-RochesterIC,kkeel
R90RUV25,DFA001303,Symtrax - Compleo Suite 5,{fb9c7fcb-f184-4dad-8d22-1de82d9c3628},5.1.00,FGO01-Fargo,brander
R90SF01E,DFA001374,Symtrax - Compleo Suite 5,{fb9c7fcb-f184-4dad-8d22-1de82d9c3628},5.1.00,MIN02-MinnMilk,tmenden
MJ07T277,DFA001384,Symtrax - Compleo Suite 5,{fb9c7fcb-f184-4dad-8d22-1de82d9c3628},5.1.00,MIN02-MinnMilk,jhultma
R90S775X,DFA001418,Symtrax - Compleo Suite 5,{fb9c7fcb-f184-4dad-8d22-1de82d9c3628},5.1.00,ROC02-RochesterIC,boehhj01
R90S7769,DFA001421,Symtrax - Compleo Suite 5,{fb9c7fcb-f184-4dad-8d22-1de82d9c3628},5.1.00,AZR01-AzureIowa,bmcgint
R90SZBM5,DFA001433,Symtrax - Compleo Suite 5,{fb9c7fcb-f184-4dad-8d22-1de82d9c3628},5.1.00,AZR01-AzureIowa,eloper
R90SZBMA,DFA001435,Symtrax - Compleo Suite 5,{fb9c7fcb-f184-4dad-8d22-1de82d9c3628},5.1.00,FRM01-Farmington,dwunderlich
R90SZBM0,DFA001436,Symtrax - Compleo Suite 5,{fb9c7fcb-f184-4dad-8d22-1de82d9c3628},5.1.00,FGO01-Fargo,ceisenb
R90SZBM9,DFA001440,Symtrax - Compleo Suite 5,{fb9c7fcb-f184-4dad-8d22-1de82d9c3628},5.1.00,ROC02-RochesterIC,fogakm01
MJ08CZ52,DFA001808,Symtrax - Compleo Suite 5,{fb9c7fcb-f184-4dad-8d22-1de82d9c3628},5.1.00,STP01-StPaul,SCANNER2
MJ093BNK,DFA002057,Symtrax - Compleo Suite 5,{fb9c7fcb-f184-4dad-8d22-1de82d9c3628},5.1.00,ROC02-RochesterIC,FactoryIT
MJ0C03JY,DFA004704,Symtrax - Compleo Suite 5,{fb9c7fcb-f184-4dad-8d22-1de82d9c3628},5.1.00,FRM02-FarmingtonDC,jrabey
PF2BH8XE,DFA005743,Symtrax - Compleo Suite 5,{fb9c7fcb-f184-4dad-8d22-1de82d9c3628},5.1.00,AZR01-AzureIowa,dkalbak
PF2BM2M6,DFA005824,Symtrax - Compleo Suite 5,{fb9c7fcb-f184-4dad-8d22-1de82d9c3628},5.1.00,CBG01-Cedarburg,blanchab
PF2BM2NG,DFA005834,Symtrax - Compleo Suite 5,{fb9c7fcb-f184-4dad-8d22-1de82d9c3628},5.1.00,STP01-StPaul,cnhoyan
PF2BLAKC,DFA005891,Symtrax - Compleo Suite 5,{fb9c7fcb-f184-4dad-8d22-1de82d9c3628},5.1.00,AZR01-AzureIowa,hlarsen
PF2BLB5Y,DFA005906,Symtrax - Compleo Suite 5,{fb9c7fcb-f184-4dad-8d22-1de82d9c3628},5.1.00,AZR01-AzureIowa,rrusch
PF2BLCB3,DFA005926,Symtrax - Compleo Suite 5,{fb9c7fcb-f184-4dad-8d22-1de82d9c3628},5.1.00,AZR01-AzureIowa,Gennermk
PF2BLCBF,DFA005927,Symtrax - Compleo Suite 5,{fb9c7fcb-f184-4dad-8d22-1de82d9c3628},5.1.00,MIN02-MinnMilk,Kollesp
PF2BLCC2,DFA005928,Symtrax - Compleo Suite 5,{fb9c7fcb-f184-4dad-8d22-1de82d9c3628},5.1.00,CBG01-Cedarburg,nanders3
PF2BHL9Q,DFA005944,Symtrax - Compleo Suite 5,{fb9c7fcb-f184-4dad-8d22-1de82d9c3628},5.1.00,AZR01-AzureIowa,Fenstrar
PF2BHLAE,DFA005945,Symtrax - Compleo Suite 5,{fb9c7fcb-f184-4dad-8d22-1de82d9c3628},5.1.00,AZR01-AzureIowa,Jansenk
PF2BHLE8,DFA005951,Symtrax - Compleo Suite 5,{fb9c7fcb-f184-4dad-8d22-1de82d9c3628},5.1.00,AZR01-AzureIowa,REFSBR01
PF2BFKM6,DFA006124,Symtrax - Compleo Suite 5,{fb9c7fcb-f184-4dad-8d22-1de82d9c3628},5.1.00,ROC02-RochesterIC,cknutso
PF2BFW93,DFA006150,Symtrax - Compleo Suite 5,{fb9c7fcb-f184-4dad-8d22-1de82d9c3628},5.1.00,AZR01-AzureIowa,jbrock
PF2BFW9Q,DFA006151,Symtrax - Compleo Suite 5,{fb9c7fcb-f184-4dad-8d22-1de82d9c3628},5.1.00,AZR01-AzureIowa,jredepe
PF2BFWAW,DFA006153,Symtrax - Compleo Suite 5,{fb9c7fcb-f184-4dad-8d22-1de82d9c3628},5.1.00,AZR01-AzureIowa,myhrsa01
PF2BFX6Y,DFA006175,Symtrax - Compleo Suite 5,{fb9c7fcb-f184-4dad-8d22-1de82d9c3628},5.1.00,STP01-StPaul,haagenss
PF2BFYCE,DFA006184,Symtrax - Compleo Suite 5,{fb9c7fcb-f184-4dad-8d22-1de82d9c3628},5.1.00,AZR01-AzureIowa,bberger
PF2BDZTV,DFA006212,Symtrax - Compleo Suite 5,{fb9c7fcb-f184-4dad-8d22-1de82d9c3628},5.1.00,MIN02-MinnMilk,Mercbm01
PF2BE21T,DFA006217,Symtrax - Compleo Suite 5,{fb9c7fcb-f184-4dad-8d22-1de82d9c3628},5.1.00,STP01-StPaul,Elwellp
PF2BE4E5,DFA006230,Symtrax - Compleo Suite 5,{fb9c7fcb-f184-4dad-8d22-1de82d9c3628},5.1.00,AZR01-AzureIowa,kphilpy
PF2BE6L4,DFA006233,Symtrax - Compleo Suite 5,{fb9c7fcb-f184-4dad-8d22-1de82d9c3628},5.1.00,AZR01-AzureIowa,Wixoe
PF2BE6NP,DFA006237,Symtrax - Compleo Suite 5,{fb9c7fcb-f184-4dad-8d22-1de82d9c3628},5.1.00,MIN02-MinnMilk,puntkt01
PF2CWZJE,DFA006343,Symtrax - Compleo Suite 5,{fb9c7fcb-f184-4dad-8d22-1de82d9c3628},5.1.00,STP01-StPaul,gotzkr01
PF2CXMYC,DFA006396,Symtrax - Compleo Suite 5,{fb9c7fcb-f184-4dad-8d22-1de82d9c3628},5.1.00,AZR01-AzureIowa,kobusl01
PF2CXQ61,DFA006402,Symtrax - Compleo Suite 5,{fb9c7fcb-f184-4dad-8d22-1de82d9c3628},5.1.00,,tnadeau
PF2CZ1YD,DFA006533,Symtrax - Compleo Suite 5,{fb9c7fcb-f184-4dad-8d22-1de82d9c3628},5.1.00,AZR01-AzureIowa,jcanfie
PF2CZH17,DFA006566,Symtrax - Compleo Suite 5,{fb9c7fcb-f184-4dad-8d22-1de82d9c3628},5.1.00,AZR01-AzureIowa,databas
PF2CWN7V,DFA006662,Symtrax - Compleo Suite 5,{fb9c7fcb-f184-4dad-8d22-1de82d9c3628},5.1.00,CBG01-Cedarburg,sboehme
PF2CX8T0,DFA006766,Symtrax - Compleo Suite 5,{fb9c7fcb-f184-4dad-8d22-1de82d9c3628},5.1.00,,mmysior
PF2CXFGD,DFA006792,Symtrax - Compleo Suite 5,{fb9c7fcb-f184-4dad-8d22-1de82d9c3628},5.1.00,ROC02-RochesterIC,dthorne
PF2CXY5T,DFA006828,Symtrax - Compleo Suite 5,{fb9c7fcb-f184-4dad-8d22-1de82d9c3628},5.1.00,AZR01-AzureIowa,kjuntun
PF2CZ8TL,DFA006946,Symtrax - Compleo Suite 5,{fb9c7fcb-f184-4dad-8d22-1de82d9c3628},5.1.00,AZR01-AzureIowa,evander
PF2BKVX3,DFA007151,Symtrax - Compleo Suite 5,{fb9c7fcb-f184-4dad-8d22-1de82d9c3628},5.1.00,AZR01-AzureIowa,kkurr
PF2BHZP7,DFA007227,Symtrax - Compleo Suite 5,{fb9c7fcb-f184-4dad-8d22-1de82d9c3628},5.1.00,STP01-StPaul,johntl01
PF2BL6G1,DFA007307,Symtrax - Compleo Suite 5,{fb9c7fcb-f184-4dad-8d22-1de82d9c3628},5.1.00,FGO01-Fargo,alinsta
PF2BJATR,DFA007460,Symtrax - Compleo Suite 5,{fb9c7fcb-f184-4dad-8d22-1de82d9c3628},5.1.00,CBG01-Cedarburg,sevans
PF2BJN76,DFA007500,Symtrax - Compleo Suite 5,{fb9c7fcb-f184-4dad-8d22-1de82d9c3628},5.1.00,ROC02-RochesterIC,Wittlidd
PF2BK2CM,DFA007537,Symtrax - Compleo Suite 5,{fb9c7fcb-f184-4dad-8d22-1de82d9c3628},5.1.00,AZR01-AzureIowa,emmay
PF2BM17H,DFA007615,Symtrax - Compleo Suite 5,{fb9c7fcb-f184-4dad-8d22-1de82d9c3628},5.1.00,AZR01-AzureIowa,Cuthberb
PF2BL9ZY,DFA007644,Symtrax - Compleo Suite 5,{fb9c7fcb-f184-4dad-8d22-1de82d9c3628},5.1.00,MIN02-MinnMilk,jkindse
PF2BGXJZ,DFA007667,Symtrax - Compleo Suite 5,{fb9c7fcb-f184-4dad-8d22-1de82d9c3628},5.1.00,FGO01-Fargo,mwolter
PF2BGXMR,DFA007672,Symtrax - Compleo Suite 5,{fb9c7fcb-f184-4dad-8d22-1de82d9c3628},5.1.00,ROC02-RochesterIC,johned01
PF2BJVW7,DFA007747,Symtrax - Compleo Suite 5,{fb9c7fcb-f184-4dad-8d22-1de82d9c3628},5.1.00,FGO01-Fargo,cthorsv
PF2BK4RS,DFA007773,Symtrax - Compleo Suite 5,{fb9c7fcb-f184-4dad-8d22-1de82d9c3628},5.1.00,MIN02-MinnMilk,docel
PF2BLD2B,DFA007803,Symtrax - Compleo Suite 5,{fb9c7fcb-f184-4dad-8d22-1de82d9c3628},5.1.00,AZR01-AzureIowa,nadavis
PF2BLD3R,DFA007806,Symtrax - Compleo Suite 5,{fb9c7fcb-f184-4dad-8d22-1de82d9c3628},5.1.00,MIN02-MinnMilk,bmedes
PF2BLDJR,DFA007808,Symtrax - Compleo Suite 5,{fb9c7fcb-f184-4dad-8d22-1de82d9c3628},5.1.00,CBG01-Cedarburg,aflatle
PF2BLDK6,DFA007809,Symtrax - Compleo Suite 5,{fb9c7fcb-f184-4dad-8d22-1de82d9c3628},5.1.00,AZR01-AzureIowa,wflesse
PF2BLDMF,DFA007812,Symtrax - Compleo Suite 5,{fb9c7fcb-f184-4dad-8d22-1de82d9c3628},5.1.00,CBG01-Cedarburg,Leszczyt
PF2BLDMZ,DFA007813,Symtrax - Compleo Suite 5,{fb9c7fcb-f184-4dad-8d22-1de82d9c3628},5.1.00,CBG01-Cedarburg,dmerten
PF2BLFCY,DFA007823,Symtrax - Compleo Suite 5,{fb9c7fcb-f184-4dad-8d22-1de82d9c3628},5.1.00,CBG01-Cedarburg,jschult
PF2BLFFB,DFA007827,Symtrax - Compleo Suite 5,{fb9c7fcb-f184-4dad-8d22-1de82d9c3628},5.1.00,AZR01-AzureIowa,thomje01
PF2BLG0B,DFA007833,Symtrax - Compleo Suite 5,{fb9c7fcb-f184-4dad-8d22-1de82d9c3628},5.1.00,AZR01-AzureIowa,Martinem
PF2BLG1B,DFA007835,Symtrax - Compleo Suite 5,{fb9c7fcb-f184-4dad-8d22-1de82d9c3628},5.1.00,AZR01-AzureIowa,Grunstd
PF2BLG29,DFA007837,Symtrax - Compleo Suite 5,{fb9c7fcb-f184-4dad-8d22-1de82d9c3628},5.1.00,MIN02-MinnMilk,Muellerj
PF2BLGF2,DFA007843,Symtrax - Compleo Suite 5,{fb9c7fcb-f184-4dad-8d22-1de82d9c3628},5.1.00,AZR01-AzureIowa,tateje01
PF2BLGFR,DFA007844,Symtrax - Compleo Suite 5,{fb9c7fcb-f184-4dad-8d22-1de82d9c3628},5.1.00,MIN02-MinnMilk,dpaakko
PF2BLGGN,DFA007846,Symtrax - Compleo Suite 5,{fb9c7fcb-f184-4dad-8d22-1de82d9c3628},5.1.00,ROC02-RochesterIC,cramer
PF2BH4GD,DFA007875,Symtrax - Compleo Suite 5,{fb9c7fcb-f184-4dad-8d22-1de82d9c3628},5.1.00,AZR01-AzureIowa,Williamt
PF2BH6SK,DFA007885,Symtrax - Compleo Suite 5,{fb9c7fcb-f184-4dad-8d22-1de82d9c3628},5.1.00,AZR01-AzureIowa,cthompson
PF2BH6SK,DFA007885,Symtrax - Compleo Suite 5,{fb9c7fcb-f184-4dad-8d22-1de82d9c3628},5.1.00,,cthompson
PF2BH93N,DFA007894,Symtrax - Compleo Suite 5,{fb9c7fcb-f184-4dad-8d22-1de82d9c3628},5.1.00,AZR01-AzureIowa,Hamiltos
PF2BHBCW,DFA007897,Symtrax - Compleo Suite 5,{fb9c7fcb-f184-4dad-8d22-1de82d9c3628},5.1.00,AZR01-AzureIowa,Kwells
PF2BED22,DFA007912,Symtrax - Compleo Suite 5,{fb9c7fcb-f184-4dad-8d22-1de82d9c3628},5.1.00,AZR01-AzureIowa,Lietzc
PF2BEKEC,DFA007935,Symtrax - Compleo Suite 5,{fb9c7fcb-f184-4dad-8d22-1de82d9c3628},5.1.00,AZR01-AzureIowa,hbair
PF2BEV99,DFA007964,Symtrax - Compleo Suite 5,{fb9c7fcb-f184-4dad-8d22-1de82d9c3628},5.1.00,ROC02-RochesterIC,crefsla
PF2BEXFH,DFA007968,Symtrax - Compleo Suite 5,{fb9c7fcb-f184-4dad-8d22-1de82d9c3628},5.1.00,AZR01-AzureIowa,Hintzm
PF2BF41W,DFA007993,Symtrax - Compleo Suite 5,{fb9c7fcb-f184-4dad-8d22-1de82d9c3628},5.1.00,CBG01-Cedarburg,Janzj
PF2BF8F9,DFA008003,Symtrax - Compleo Suite 5,{fb9c7fcb-f184-4dad-8d22-1de82d9c3628},5.1.00,CBG01-Cedarburg,Kreifd
PF2BF8HF,DFA008007,Symtrax - Compleo Suite 5,{fb9c7fcb-f184-4dad-8d22-1de82d9c3628},5.1.00,FRM01-Farmington,Gundersa
PF2BFASH,DFA008018,Symtrax - Compleo Suite 5,{fb9c7fcb-f184-4dad-8d22-1de82d9c3628},5.1.00,AZR01-AzureIowa,rgilbra
PF2BFATH,DFA008020,Symtrax - Compleo Suite 5,{fb9c7fcb-f184-4dad-8d22-1de82d9c3628},5.1.00,FGO01-Fargo,chdavid
PF2BFB5T,DFA008029,Symtrax - Compleo Suite 5,{fb9c7fcb-f184-4dad-8d22-1de82d9c3628},5.1.00,AZR01-AzureIowa,ruegcd01
PF2BFB66,DFA008030,Symtrax - Compleo Suite 5,{fb9c7fcb-f184-4dad-8d22-1de82d9c3628},5.1.00,AZR01-AzureIowa,drilato
PF2BFZ97,DFA008041,Symtrax - Compleo Suite 5,{fb9c7fcb-f184-4dad-8d22-1de82d9c3628},5.1.00,STP01-StPaul,Kurrg
PF2BCLKM,DFA008053,Symtrax - Compleo Suite 5,{fb9c7fcb-f184-4dad-8d22-1de82d9c3628},5.1.00,AZR01-AzureIowa,bthornt
PF2BCLMM,DFA008056,Symtrax - Compleo Suite 5,{fb9c7fcb-f184-4dad-8d22-1de82d9c3628},5.1.00,ROC02-RochesterIC,drobins
PF2BD16T,DFA008083,Symtrax - Compleo Suite 5,{fb9c7fcb-f184-4dad-8d22-1de82d9c3628},5.1.00,ROC02-RochesterIC,nelsmb01
PF2BD3CD,DFA008086,Symtrax - Compleo Suite 5,{fb9c7fcb-f184-4dad-8d22-1de82d9c3628},5.1.00,AZR01-AzureIowa,Moffitj
PF2BD5LW,DFA008095,Symtrax - Compleo Suite 5,{fb9c7fcb-f184-4dad-8d22-1de82d9c3628},5.1.00,AZR01-AzureIowa,ebernac
PF2BD5MW,DFA008097,Symtrax - Compleo Suite 5,{fb9c7fcb-f184-4dad-8d22-1de82d9c3628},5.1.00,AZR01-AzureIowa,vhutchi
PF2BD5QD,DFA008101,Symtrax - Compleo Suite 5,{fb9c7fcb-f184-4dad-8d22-1de82d9c3628},5.1.00,AZR01-AzureIowa,atucker
PF2BD7Y1,DFA008105,Symtrax - Compleo Suite 5,{fb9c7fcb-f184-4dad-8d22-1de82d9c3628},5.1.00,STP01-StPaul,begirl01
PF2BD7YJ,DFA008106,Symtrax - Compleo Suite 5,{fb9c7fcb-f184-4dad-8d22-1de82d9c3628},5.1.00,AZR01-AzureIowa,jgausta
PF2BD7ZS,DFA008108,Symtrax - Compleo Suite 5,{fb9c7fcb-f184-4dad-8d22-1de82d9c3628},5.1.00,AZR01-AzureIowa,jnoreen
PF2BDA6G,DFA008113,Symtrax - Compleo Suite 5,{fb9c7fcb-f184-4dad-8d22-1de82d9c3628},5.1.00,AZR01-AzureIowa,pmontes
PF2BDEPL,DFA008125,Symtrax - Compleo Suite 5,{fb9c7fcb-f184-4dad-8d22-1de82d9c3628},5.1.00,AZR01-AzureIowa,cbovey
PF2BDMFJ,DFA008146,Symtrax - Compleo Suite 5,{fb9c7fcb-f184-4dad-8d22-1de82d9c3628},5.1.00,AZR01-AzureIowa,Simesg
PF2BDMG4,DFA008147,Symtrax - Compleo Suite 5,{fb9c7fcb-f184-4dad-8d22-1de82d9c3628},5.1.00,FGO01-Fargo,csavage
PF2BDPSN,DFA008158,Symtrax - Compleo Suite 5,{fb9c7fcb-f184-4dad-8d22-1de82d9c3628},5.1.00,AZR01-AzureIowa,adunker
PF2BDPTR,DFA008160,Symtrax - Compleo Suite 5,{fb9c7fcb-f184-4dad-8d22-1de82d9c3628},5.1.00,AZR01-AzureIowa,dreckho
MJ0CZTYK,DFA008405,Symtrax - Compleo Suite 5,{fb9c7fcb-f184-4dad-8d22-1de82d9c3628},5.1.00,MIN02-MinnMilk,serti
MJ0CZTYT,DFA008411,Symtrax - Compleo Suite 5,{fb9c7fcb-f184-4dad-8d22-1de82d9c3628},5.1.00,CBG01-Cedarburg,cosmith
MJ0CZTYX,DFA008412,Symtrax - Compleo Suite 5,{fb9c7fcb-f184-4dad-8d22-1de82d9c3628},5.1.00,STP01-StPaul,scanner2
MJ0CZTYG,DFA008420,Symtrax - Compleo Suite 5,{fb9c7fcb-f184-4dad-8d22-1de82d9c3628},5.1.00,FRM01-Farmington,Kimberk
MJ0CZTZ3,DFA008426,Symtrax - Compleo Suite 5,{fb9c7fcb-f184-4dad-8d22-1de82d9c3628},5.1.00,FGO01-Fargo,fargodms
MJ0CZTZY,DFA008437,Symtrax - Compleo Suite 5,{fb9c7fcb-f184-4dad-8d22-1de82d9c3628},5.1.00,CBG01-Cedarburg,CedLab2
MJ0CZTZW,DFA008441,Symtrax - Compleo Suite 5,{fb9c7fcb-f184-4dad-8d22-1de82d9c3628},5.1.00,STP01-StPaul,serti
MJ0CZTZZ,DFA008443,Symtrax - Compleo Suite 5,{fb9c7fcb-f184-4dad-8d22-1de82d9c3628},5.1.00,,DSI
MJ0CZV06,DFA008451,Symtrax - Compleo Suite 5,{fb9c7fcb-f184-4dad-8d22-1de82d9c3628},5.1.00,CBG01-Cedarburg,serti
MJ0CZV07,DFA008452,Symtrax - Compleo Suite 5,{fb9c7fcb-f184-4dad-8d22-1de82d9c3628},5.1.00,ROC02-RochesterIC,loadlx01
MJ0CZV0L,DFA008463,Symtrax - Compleo Suite 5,{fb9c7fcb-f184-4dad-8d22-1de82d9c3628},5.1.00,MIN02-MinnMilk,olisand
MJ0CZV0H,DFA008467,Symtrax - Compleo Suite 5,{fb9c7fcb-f184-4dad-8d22-1de82d9c3628},5.1.00,CBG01-Cedarburg,cedlab
MJ0CZV0P,DFA008468,Symtrax - Compleo Suite 5,{fb9c7fcb-f184-4dad-8d22-1de82d9c3628},5.1.00,CBG01-Cedarburg,stubbsr
MJ0CZV0N,DFA008469,Symtrax - Compleo Suite 5,{fb9c7fcb-f184-4dad-8d22-1de82d9c3628},5.1.00,CBG01-Cedarburg,
MJ0CZV0S,DFA008470,Symtrax - Compleo Suite 5,{fb9c7fcb-f184-4dad-8d22-1de82d9c3628},5.1.00,CBG01-Cedarburg,jbirdsa
MJ0CZV0V,DFA008472,Symtrax - Compleo Suite 5,{fb9c7fcb-f184-4dad-8d22-1de82d9c3628},5.1.00,MIN02-MinnMilk,QAMinnMilk
MJ0CZV0T,DFA008473,Symtrax - Compleo Suite 5,{fb9c7fcb-f184-4dad-8d22-1de82d9c3628},5.1.00,CBG01-Cedarburg,aaudley
MJ0CZV14,DFA008480,Symtrax - Compleo Suite 5,{fb9c7fcb-f184-4dad-8d22-1de82d9c3628},5.1.00,CBG01-Cedarburg,CedlabIntake
MJ0CZV16,DFA008482,Symtrax - Compleo Suite 5,{fb9c7fcb-f184-4dad-8d22-1de82d9c3628},5.1.00,FGO01-Fargo,tjohs
MJ0CZV13,DFA008483,Symtrax - Compleo Suite 5,{fb9c7fcb-f184-4dad-8d22-1de82d9c3628},5.1.00,ROC02-RochesterIC,serti
MJ0CZV19,DFA008484,Symtrax - Compleo Suite 5,{fb9c7fcb-f184-4dad-8d22-1de82d9c3628},5.1.00,CBG01-Cedarburg,btowey
MJ0CZV1A,DFA008485,Symtrax - Compleo Suite 5,{fb9c7fcb-f184-4dad-8d22-1de82d9c3628},5.1.00,STP01-StPaul,Pelkiem
MJ0CZV1D,DFA008486,Symtrax - Compleo Suite 5,{fb9c7fcb-f184-4dad-8d22-1de82d9c3628},5.1.00,MIN02-MinnMilk,Johnma01
MJ0CZV1B,DFA008487,Symtrax - Compleo Suite 5,{fb9c7fcb-f184-4dad-8d22-1de82d9c3628},5.1.00,FGO01-Fargo,shaugen
MJ0CZV1E,DFA008489,Symtrax - Compleo Suite 5,{fb9c7fcb-f184-4dad-8d22-1de82d9c3628},5.1.00,FRM01-Farmington,QAFARM
MJ0CZV1F,DFA008491,Symtrax - Compleo Suite 5,{fb9c7fcb-f184-4dad-8d22-1de82d9c3628},5.1.00,CBG01-Cedarburg,stofor01
MJ0CZV1G,DFA008492,Symtrax - Compleo Suite 5,{fb9c7fcb-f184-4dad-8d22-1de82d9c3628},5.1.00,FRM01-Farmington,QAFARM
MJ0CZV1K,DFA008493,Symtrax - Compleo Suite 5,{fb9c7fcb-f184-4dad-8d22-1de82d9c3628},5.1.00,FGO01-Fargo,fargodms
MJ0CZV1J,DFA008494,Symtrax - Compleo Suite 5,{fb9c7fcb-f184-4dad-8d22-1de82d9c3628},5.1.00,FGO01-Fargo,serti
MJ0CZV1R,DFA008500,Symtrax - Compleo Suite 5,{fb9c7fcb-f184-4dad-8d22-1de82d9c3628},5.1.00,ROC02-RochesterIC,bfoltz
MJ0CZV3D,DFA008547,Symtrax - Compleo Suite 5,{fb9c7fcb-f184-4dad-8d22-1de82d9c3628},5.1.00,ROC02-RochesterIC,johned01
MJ0CZV34,DFA008549,Symtrax - Compleo Suite 5,{fb9c7fcb-f184-4dad-8d22-1de82d9c3628},5.1.00,ROC02-RochesterIC,Kemps
MJ0CZV40,DFA008572,Symtrax - Compleo Suite 5,{fb9c7fcb-f184-4dad-8d22-1de82d9c3628},5.1.00,ROC02-RochesterIC,treach
MJ0CZV3W,DFA008575,Symtrax - Compleo Suite 5,{fb9c7fcb-f184-4dad-8d22-1de82d9c3628},5.1.00,ROC02-RochesterIC,Prodflr
MJ0CZV3Y,DFA008580,Symtrax - Compleo Suite 5,{fb9c7fcb-f184-4dad-8d22-1de82d9c3628},5.1.00,ROC02-RochesterIC,iceintake
MJ0CZV4C,DFA008587,Symtrax - Compleo Suite 5,{fb9c7fcb-f184-4dad-8d22-1de82d9c3628},5.1.00,ROC02-RochesterIC,kimmbd01
MJ0CZV49,DFA008589,Symtrax - Compleo Suite 5,{fb9c7fcb-f184-4dad-8d22-1de82d9c3628},5.1.00,ROC02-RochesterIC,Billsa
PC1L00A8,DFA008671,Symtrax - Compleo Suite 5,{fb9c7fcb-f184-4dad-8d22-1de82d9c3628},5.1.00,AZR01-AzureIowa,Kyllor
MJ0DEKEL,DFA008724,Symtrax - Compleo Suite 5,{fb9c7fcb-f184-4dad-8d22-1de82d9c3628},5.1.00,,jpankow
MJ0DEKB1,DFA008832,Symtrax - Compleo Suite 5,{fb9c7fcb-f184-4dad-8d22-1de82d9c3628},5.1.00,ROC02-RochesterIC,
MJ0DEKAG,DFA008846,Symtrax - Compleo Suite 5,{fb9c7fcb-f184-4dad-8d22-1de82d9c3628},5.1.00,ROC02-RochesterIC,kkeel
R90TQ1HH,DFA-R90TQ1HH,Symtrax - Compleo Suite 5,{fb9c7fcb-f184-4dad-8d22-1de82d9c3628},5.1.00,,kskeldu
MJ0C0FMD,FGO-OP-D-004494,Symtrax - Compleo Suite 5,{fb9c7fcb-f184-4dad-8d22-1de82d9c3628},5.1.00,FGO01-Fargo,Kemps
PC17ZS1Y,FRG-HR-L-004144,Symtrax - Compleo Suite 5,{fb9c7fcb-f184-4dad-8d22-1de82d9c3628},5.1.00,FGO01-Fargo,kchesle
PF1BHDJ3,FRG-MT-L-004188,Symtrax - Compleo Suite 5,{fb9c7fcb-f184-4dad-8d22-1de82d9c3628},5.1.00,FGO01-Fargo,jjordah
R90TQ1J4,FRG-OP-L-001953,Symtrax - Compleo Suite 5,{fb9c7fcb-f184-4dad-8d22-1de82d9c3628},5.1.00,AZR01-AzureIowa,dajohns
R90W1AHP,FRG-OP-L-002441,Symtrax - Compleo Suite 5,{fb9c7fcb-f184-4dad-8d22-1de82d9c3628},5.1.00,FGO01-Fargo,mramthu
MJ08CZ4T,FRG-PD-D-001698,Symtrax - Compleo Suite 5,{fb9c7fcb-f184-4dad-8d22-1de82d9c3628},5.1.00,FGO01-Fargo,fargodms
MJ0APFKP,FRG-PD-D-003056,Symtrax - Compleo Suite 5,{fb9c7fcb-f184-4dad-8d22-1de82d9c3628},5.1.00,FGO01-Fargo,scanner1
R90MJ7LE,FRG-PD-L-000171,Symtrax - Compleo Suite 5,{fb9c7fcb-f184-4dad-8d22-1de82d9c3628},5.1.00,FGO01-Fargo,ghersch
PF1CHDQM,FRG-SL-L-004247,Symtrax - Compleo Suite 5,{fb9c7fcb-f184-4dad-8d22-1de82d9c3628},5.1.00,FGO01-Fargo,afranch
PF1BC82P,FRM-OP-L-004475,Symtrax - Compleo Suite 5,{fb9c7fcb-f184-4dad-8d22-1de82d9c3628},5.1.00,WIN01-Winnsboro,joramos
R90VW29C,FRT-AC-L-002384,Symtrax - Compleo Suite 5,{fb9c7fcb-f184-4dad-8d22-1de82d9c3628},5.1.00,FRM01-Farmington,ssandbe
R90TCE3H,FRT-HR-L-001581,Symtrax - Compleo Suite 5,{fb9c7fcb-f184-4dad-8d22-1de82d9c3628},5.1.00,MIN02-MinnMilk,Jensend
R90W1AJ4,FRT-MT-L-002355,Symtrax - Compleo Suite 5,{fb9c7fcb-f184-4dad-8d22-1de82d9c3628},5.1.00,FRM01-Farmington,jearp
MJ093BNF,FRT-OP-D-001959,Symtrax - Compleo Suite 5,{fb9c7fcb-f184-4dad-8d22-1de82d9c3628},5.1.00,FRM01-Farmington,tbartel
MJ093BNH,FRT-PD-D-002054,Symtrax - Compleo Suite 5,{fb9c7fcb-f184-4dad-8d22-1de82d9c3628},5.1.00,FRM01-Farmington,dwunderlich
R90QQFAW,FRT-QA-L-001016,Symtrax - Compleo Suite 5,{fb9c7fcb-f184-4dad-8d22-1de82d9c3628},5.1.00,FRM01-Farmington,dolezalp
PC053ST1,K2315,Symtrax - Compleo Suite 5,{fb9c7fcb-f184-4dad-8d22-1de82d9c3628},5.1.00,ROC02-RochesterIC,jmart
PC06TVQB,K2332,Symtrax - Compleo Suite 5,{fb9c7fcb-f184-4dad-8d22-1de82d9c3628},5.1.00,AZR01-AzureIowa,pawilso
R90JYWCD,K2367,Symtrax - Compleo Suite 5,{fb9c7fcb-f184-4dad-8d22-1de82d9c3628},5.1.00,AZR01-AzureIowa,jnowlan
R90KAAB2,K2372,Symtrax - Compleo Suite 5,{fb9c7fcb-f184-4dad-8d22-1de82d9c3628},5.1.00,CBG01-Cedarburg,Zuehlkek
R90KAAAR,K2374,Symtrax - Compleo Suite 5,{fb9c7fcb-f184-4dad-8d22-1de82d9c3628},5.1.00,AZR01-AzureIowa,treach
R90KTBUB,K2394,Symtrax - Compleo Suite 5,{fb9c7fcb-f184-4dad-8d22-1de82d9c3628},5.1.00,AZR01-AzureIowa,dereed
R90KTBTZ,K2398,Symtrax - Compleo Suite 5,{fb9c7fcb-f184-4dad-8d22-1de82d9c3628},5.1.00,STP01-StPaul,jnoreen
R90LG887,K2401,Symtrax - Compleo Suite 5,{fb9c7fcb-f184-4dad-8d22-1de82d9c3628},5.1.00,AZR01-AzureIowa,cmcconn
R90KTBTU,K2405,Symtrax - Compleo Suite 5,{fb9c7fcb-f184-4dad-8d22-1de82d9c3628},5.1.00,STP01-StPaul,moremd
R90KTBT3,K2406,Symtrax - Compleo Suite 5,{fb9c7fcb-f184-4dad-8d22-1de82d9c3628},5.1.00,STP01-StPaul,mredeag
R90KTBT4,K2407,Symtrax - Compleo Suite 5,{fb9c7fcb-f184-4dad-8d22-1de82d9c3628},5.1.00,AZR01-AzureIowa,dmjon
R90KTBQQ,K2408,Symtrax - Compleo Suite 5,{fb9c7fcb-f184-4dad-8d22-1de82d9c3628},5.1.00,AZR01-AzureIowa,aayde
R90LFELQ,K2424,Symtrax - Compleo Suite 5,{fb9c7fcb-f184-4dad-8d22-1de82d9c3628},5.1.00,AZR01-AzureIowa,rmolloy
R90MAVUF,K2452,Symtrax - Compleo Suite 5,{fb9c7fcb-f184-4dad-8d22-1de82d9c3628},5.1.00,AZR01-AzureIowa,bergjd01
R90MAVBV,K2458,Symtrax - Compleo Suite 5,{fb9c7fcb-f184-4dad-8d22-1de82d9c3628},5.1.00,AZR01-AzureIowa,dstaats
R90LQKT1,K2492,Symtrax - Compleo Suite 5,{fb9c7fcb-f184-4dad-8d22-1de82d9c3628},5.1.00,ROC02-RochesterIC,Kemps
R90TFG6F,KCK-SL-M-001609,Symtrax - Compleo Suite 5,{fb9c7fcb-f184-4dad-8d22-1de82d9c3628},5.1.00,AZR01-AzureIowa,beck
MJ09PS6S,LYN-CS-D-002391,Symtrax - Compleo Suite 5,{fb9c7fcb-f184-4dad-8d22-1de82d9c3628},5.1.00,,ochoaj
R90W1AFP,LYN-SL-L-002285,Symtrax - Compleo Suite 5,{fb9c7fcb-f184-4dad-8d22-1de82d9c3628},5.1.00,AZR01-AzureIowa,bflanig
R90W1AFV,LYN-SL-L-002290,Symtrax - Compleo Suite 5,{fb9c7fcb-f184-4dad-8d22-1de82d9c3628},5.1.00,AZR01-AzureIowa,Sislerm
R90W1AJK,LYN-SL-L-002357,Symtrax - Compleo Suite 5,{fb9c7fcb-f184-4dad-8d22-1de82d9c3628},5.1.00,AZR01-AzureIowa,Drewsj
R90W1AJD,LYN-TP-L-002282,Symtrax - Compleo Suite 5,{fb9c7fcb-f184-4dad-8d22-1de82d9c3628},5.1.00,AZR01-AzureIowa,ochoaj
R90T69K6,MED-OP-M-001533,Symtrax - Compleo Suite 5,{fb9c7fcb-f184-4dad-8d22-1de82d9c3628},5.1.00,MIN02-MinnMilk,wturner1
MJ09PS6V,MNM-MT-D-002264,Symtrax - Compleo Suite 5,{fb9c7fcb-f184-4dad-8d22-1de82d9c3628},5.1.00,STP01-StPaul,lawcj01
MJ09924V,MNM-OP-D-002080,Symtrax - Compleo Suite 5,{fb9c7fcb-f184-4dad-8d22-1de82d9c3628},5.1.00,MIN02-MinnMilk,DMS1
MJ0C03JP,MNM-OP-D-004664,Symtrax - Compleo Suite 5,{fb9c7fcb-f184-4dad-8d22-1de82d9c3628},5.1.00,MIN02-MinnMilk,tharrin
PF1BFX5V,MNM-OP-L-004480,Symtrax - Compleo Suite 5,{fb9c7fcb-f184-4dad-8d22-1de82d9c3628},5.1.00,AZR01-AzureIowa,rlinsma
PF1BFG9M,MNM-OP-L-004633,Symtrax - Compleo Suite 5,{fb9c7fcb-f184-4dad-8d22-1de82d9c3628},5.1.00,MIN02-MinnMilk,tgorman
R90TFG6S,MNM-OP-M-001617,Symtrax - Compleo Suite 5,{fb9c7fcb-f184-4dad-8d22-1de82d9c3628},5.1.00,AZR01-AzureIowa,Schneidm
MJ08DTPY,MNM-PD-D-001810,Symtrax - Compleo Suite 5,{fb9c7fcb-f184-4dad-8d22-1de82d9c3628},5.1.00,MIN02-MinnMilk,FactoryIT
R90VW2AC,MNM-PD-L-004051,Symtrax - Compleo Suite 5,{fb9c7fcb-f184-4dad-8d22-1de82d9c3628},5.1.00,MIN02-MinnMilk,alee
183290551,MNM-PD-L-004384,Symtrax - Compleo Suite 5,{fb9c7fcb-f184-4dad-8d22-1de82d9c3628},5.1.00,FGO01-Fargo,mkemp
R90TFG6C,MNM-RD-M-001608,Symtrax - Compleo Suite 5,{fb9c7fcb-f184-4dad-8d22-1de82d9c3628},5.1.00,FGO01-Fargo,jnearyj
R90TFG6Q,MNM-RD-M-001613,Symtrax - Compleo Suite 5,{fb9c7fcb-f184-4dad-8d22-1de82d9c3628},5.1.00,FGO01-Fargo,skhavar
MJ0C03JN,MNM-SL-D-004688,Symtrax - Compleo Suite 5,{fb9c7fcb-f184-4dad-8d22-1de82d9c3628},5.1.00,STP01-StPaul,Jensonc
PF1BFQRT,MNM-SL-L-004613,Symtrax - Compleo Suite 5,{fb9c7fcb-f184-4dad-8d22-1de82d9c3628},5.1.00,AZR01-AzureIowa,manders3
R90TCE3A,MNM-SL-M-001612,Symtrax - Compleo Suite 5,{fb9c7fcb-f184-4dad-8d22-1de82d9c3628},5.1.00,FRM02-FarmingtonDC,twolf
R90VBBKS,MNM-ST-L-002163,Symtrax - Compleo Suite 5,{fb9c7fcb-f184-4dad-8d22-1de82d9c3628},5.1.00,FGO01-Fargo,mkemp
MJ08CZ4S,MNM-TP-D-001689,Symtrax - Compleo Suite 5,{fb9c7fcb-f184-4dad-8d22-1de82d9c3628},5.1.00,AZR01-AzureIowa,jhultma
R90VW29T,MNM-TP-L-003084,Symtrax - Compleo Suite 5,{fb9c7fcb-f184-4dad-8d22-1de82d9c3628},5.1.00,FGO01-Fargo,jcampos
MJ07XKGK,NBT-OP-D-001491,Symtrax - Compleo Suite 5,{fb9c7fcb-f184-4dad-8d22-1de82d9c3628},5.1.00,AZR01-AzureIowa,mmodzel1
MJ07XKD1,RCI-OP-D-001493,Symtrax - Compleo Suite 5,{fb9c7fcb-f184-4dad-8d22-1de82d9c3628},5.1.00,ROC02-RochesterIC,briggs
MJ07XKJ1,RCI-OP-D-001512,Symtrax - Compleo Suite 5,{fb9c7fcb-f184-4dad-8d22-1de82d9c3628},5.1.00,CBG01-Cedarburg,jkuehl
MJ0C0FM4,RCI-OP-D-004612,Symtrax - Compleo Suite 5,{fb9c7fcb-f184-4dad-8d22-1de82d9c3628},5.1.00,ROC02-RochesterIC,FactoryIT
R90V5BRP,RCI-OP-L-002040,Symtrax - Compleo Suite 5,{fb9c7fcb-f184-4dad-8d22-1de82d9c3628},5.1.00,AZR01-AzureIowa,bbudrea
R90VKHDR,RCI-OP-L-002123,Symtrax - Compleo Suite 5,{fb9c7fcb-f184-4dad-8d22-1de82d9c3628},5.1.00,ROC02-RochesterIC,jay.snelson.t0
PC0V8U5K,RCI-OP-M-001410,Symtrax - Compleo Suite 5,{fb9c7fcb-f184-4dad-8d22-1de82d9c3628},5.1.00,AZR01-AzureIowa,sallcj01
R90T2NG5,RCI-OP-M-001499,Symtrax - Compleo Suite 5,{fb9c7fcb-f184-4dad-8d22-1de82d9c3628},5.1.00,CBG01-Cedarburg,janzj
R90T2NFV,RCI-OP-M-001500,Symtrax - Compleo Suite 5,{fb9c7fcb-f184-4dad-8d22-1de82d9c3628},5.1.00,AZR01-AzureIowa,mgutier
R90T69JT,RCI-OP-M-001535,Symtrax - Compleo Suite 5,{fb9c7fcb-f184-4dad-8d22-1de82d9c3628},5.1.00,AZR01-AzureIowa,Larsenc
MJ0APFKV,RCI-PD-D-003052,Symtrax - Compleo Suite 5,{fb9c7fcb-f184-4dad-8d22-1de82d9c3628},5.1.00,ROC02-RochesterIC,rhangar
MJ0AZ7QL,RCI-PD-D-004126,Symtrax - Compleo Suite 5,{fb9c7fcb-f184-4dad-8d22-1de82d9c3628},5.1.00,FGO01-Fargo,rijohns
MJ09PS68,RCI-QA-D-003092,Symtrax - Compleo Suite 5,{fb9c7fcb-f184-4dad-8d22-1de82d9c3628},5.1.00,ROC02-RochesterIC,jbronk
MJ0AYCFK,RCI-QA-D-004466,Symtrax - Compleo Suite 5,{fb9c7fcb-f184-4dad-8d22-1de82d9c3628},5.1.00,ROC02-RochesterIC,icelab
R90VNPGP,RCI-QA-L-001929,Symtrax - Compleo Suite 5,{fb9c7fcb-f184-4dad-8d22-1de82d9c3628},5.1.00,ROC02-RochesterIC,atische
R90QGW91,RCI-RD-L-000872,Symtrax - Compleo Suite 5,{fb9c7fcb-f184-4dad-8d22-1de82d9c3628},5.1.00,AZR01-AzureIowa,Nohnerr
PC17ZS20,RCI-RD-L-004155,Symtrax - Compleo Suite 5,{fb9c7fcb-f184-4dad-8d22-1de82d9c3628},5.1.00,AZR01-AzureIowa,pzoltai
R90TFG6N,RCI-SL-L-001632,Symtrax - Compleo Suite 5,{fb9c7fcb-f184-4dad-8d22-1de82d9c3628},5.1.00,ROC02-RochesterIC,glucero
PC0Z6287,RCI-ST-L-001364,Symtrax - Compleo Suite 5,{fb9c7fcb-f184-4dad-8d22-1de82d9c3628},5.1.00,AZR01-AzureIowa,dmcvick
R90TQ1HM,RCM-AC-L-001854,Symtrax - Compleo Suite 5,{fb9c7fcb-f184-4dad-8d22-1de82d9c3628},5.1.00,STP01-StPaul,eknopik
R90SZBM7,RCM-AC-M-001444,Symtrax - Compleo Suite 5,{fb9c7fcb-f184-4dad-8d22-1de82d9c3628},5.1.00,AZR01-AzureIowa,Tschannc
R90XD118,RCM-HR-L-004440,Symtrax - Compleo Suite 5,{fb9c7fcb-f184-4dad-8d22-1de82d9c3628},5.1.00,FRM01-Farmington,gbierce
MJ07XKF3,RCM-MT-D-001492,Symtrax - Compleo Suite 5,{fb9c7fcb-f184-4dad-8d22-1de82d9c3628},5.1.00,MIN02-MinnMilk,johnma01
R90TYDM0,RCM-OP-L-001835,Symtrax - Compleo Suite 5,{fb9c7fcb-f184-4dad-8d22-1de82d9c3628},5.1.00,AZR01-AzureIowa,jkuehl
R90TYDLZ,RCM-OP-L-001839,Symtrax - Compleo Suite 5,{fb9c7fcb-f184-4dad-8d22-1de82d9c3628},5.1.00,AZR01-AzureIowa,jsill
R90V4993,RCM-OP-L-001974,Symtrax - Compleo Suite 5,{fb9c7fcb-f184-4dad-8d22-1de82d9c3628},5.1.00,AZR01-AzureIowa,bkrenik
R90W1AHM,RCM-OP-L-002294,Symtrax - Compleo Suite 5,{fb9c7fcb-f184-4dad-8d22-1de82d9c3628},5.1.00,FGO01-Fargo,bolls
R90V4990,RCM-OP-P-001958,Symtrax - Compleo Suite 5,{fb9c7fcb-f184-4dad-8d22-1de82d9c3628},5.1.00,AZR01-AzureIowa,fwillia
R90V5BRF,RCM-PD-L-002055,Symtrax - Compleo Suite 5,{fb9c7fcb-f184-4dad-8d22-1de82d9c3628},5.1.00,ROC02-RochesterIC,eramsey
MJ093BNQ,RCM-RD-D-002038,Symtrax - Compleo Suite 5,{fb9c7fcb-f184-4dad-8d22-1de82d9c3628},5.1.00,ROC02-RochesterIC,FactoryIT
MJ093BNR,RCM-RD-D-002039,Symtrax - Compleo Suite 5,{fb9c7fcb-f184-4dad-8d22-1de82d9c3628},5.1.00,ROC02-RochesterIC,kkeel
R90W1AJY,RCM-SL-L-002382,Symtrax - Compleo Suite 5,{fb9c7fcb-f184-4dad-8d22-1de82d9c3628},5.1.00,AZR01-AzureIowa,Haverlyj
R90W1AHN,RCM-SL-L-002383,Symtrax - Compleo Suite 5,{fb9c7fcb-f184-4dad-8d22-1de82d9c3628},5.1.00,AZR01-AzureIowa,Hicksm
PC177MN0,RCM-ST-L-000632,Symtrax - Compleo Suite 5,{fb9c7fcb-f184-4dad-8d22-1de82d9c3628},5.1.00,AZR01-AzureIowa,eeves
R90TYDM1,RCM-TP-L-001830,Symtrax - Compleo Suite 5,{fb9c7fcb-f184-4dad-8d22-1de82d9c3628},5.1.00,CBG01-Cedarburg,juricha
R90V4994,RCM-TP-L-001972,Symtrax - Compleo Suite 5,{fb9c7fcb-f184-4dad-8d22-1de82d9c3628},5.1.00,AZR01-AzureIowa,dedward
R90JRA77,ROC01R90JRA77-L,Symtrax - Compleo Suite 5,{fb9c7fcb-f184-4dad-8d22-1de82d9c3628},5.1.00,ROC02-RochesterIC,tobaue
R90MAVHW,ROC02R90MAVHW-L,Symtrax - Compleo Suite 5,{fb9c7fcb-f184-4dad-8d22-1de82d9c3628},5.1.00,ROC02-RochesterIC,atische
R90JFAE4,STP01R90JFAE4-L,Symtrax - Compleo Suite 5,{fb9c7fcb-f184-4dad-8d22-1de82d9c3628},5.1.00,ROC02-RochesterIC,janders
R90JYWBZ,STP01R90JYWBZ-L,Symtrax - Compleo Suite 5,{fb9c7fcb-f184-4dad-8d22-1de82d9c3628},5.1.00,FGO01-Fargo,shaugen
R90KTBR6,STP01R90KTBR6-L,Symtrax - Compleo Suite 5,{fb9c7fcb-f184-4dad-8d22-1de82d9c3628},5.1.00,AZR01-AzureIowa,mframke
R90LMXKF,STP01R90LMXKF-L,Symtrax - Compleo Suite 5,{fb9c7fcb-f184-4dad-8d22-1de82d9c3628},5.1.00,AZR01-AzureIowa,ablatch
R90LR96R,STP01R90LR96R-L,Symtrax - Compleo Suite 5,{fb9c7fcb-f184-4dad-8d22-1de82d9c3628},5.1.00,AZR01-AzureIowa,zetter
R90M3A59,STP01R90M3A59-L,Symtrax - Compleo Suite 5,{fb9c7fcb-f184-4dad-8d22-1de82d9c3628},5.1.00,AZR01-AzureIowa,ejohnso
R90MAV4L,STP01R90MAV4L-L,Symtrax - Compleo Suite 5,{fb9c7fcb-f184-4dad-8d22-1de82d9c3628},5.1.00,ROC02-RochesterIC,athomps
R90N3BPN,STP01R90N3BPN-L,Symtrax - Compleo Suite 5,{fb9c7fcb-f184-4dad-8d22-1de82d9c3628},5.1.00,STP01-StPaul,jesdavi
R90LQKSV,STP-AC-L-000001,Symtrax - Compleo Suite 5,{fb9c7fcb-f184-4dad-8d22-1de82d9c3628},5.1.00,STP01-StPaul,kulstad
R90LRHN3,STP-AC-L-000069,Symtrax - Compleo Suite 5,{fb9c7fcb-f184-4dad-8d22-1de82d9c3628},5.1.00,AZR01-AzureIowa,alindse
R90LR7JT,STP-AC-L-000079,Symtrax - Compleo Suite 5,{fb9c7fcb-f184-4dad-8d22-1de82d9c3628},5.1.00,AZR01-AzureIowa,Keitgesd
R90W1AFX,STP-AC-L-000670,Symtrax - Compleo Suite 5,{fb9c7fcb-f184-4dad-8d22-1de82d9c3628},5.1.00,AZR01-AzureIowa,Hagstroe
R90TLEM6,STP-AC-L-001643,Symtrax - Compleo Suite 5,{fb9c7fcb-f184-4dad-8d22-1de82d9c3628},5.1.00,ROC02-RochesterIC,Rtheobald
R90T8178,STP-AC-L-001807,Symtrax - Compleo Suite 5,{fb9c7fcb-f184-4dad-8d22-1de82d9c3628},5.1.00,AZR01-AzureIowa,bpostig
R90VNPGT,STP-AC-L-002156,Symtrax - Compleo Suite 5,{fb9c7fcb-f184-4dad-8d22-1de82d9c3628},5.1.00,AZR01-AzureIowa,asbrown
R90V5BRL,STP-CM-L-002002,Symtrax - Compleo Suite 5,{fb9c7fcb-f184-4dad-8d22-1de82d9c3628},5.1.00,STP01-StPaul,jduellm
PC15YPP8,STP-FN-L-002036,Symtrax - Compleo Suite 5,{fb9c7fcb-f184-4dad-8d22-1de82d9c3628},5.1.00,AZR01-AzureIowa,Hulked
R90VBBKY,STP-FN-L-002128,Symtrax - Compleo Suite 5,{fb9c7fcb-f184-4dad-8d22-1de82d9c3628},5.1.00,STP01-StPaul,sbeebe
R90W1AH7,STP-FN-L-002434,Symtrax - Compleo Suite 5,{fb9c7fcb-f184-4dad-8d22-1de82d9c3628},5.1.00,AZR01-AzureIowa,vgraves
R90VNVQX,STP-FN-L-004605,Symtrax - Compleo Suite 5,{fb9c7fcb-f184-4dad-8d22-1de82d9c3628},5.1.00,AZR01-AzureIowa,fultdd01
PF256Q84,STP-FN-L-004628,Symtrax - Compleo Suite 5,{fb9c7fcb-f184-4dad-8d22-1de82d9c3628},5.1.00,AZR01-AzureIowa,runyaa01
R90W1AH9,STP-HR-L-002435,Symtrax - Compleo Suite 5,{fb9c7fcb-f184-4dad-8d22-1de82d9c3628},5.1.00,AZR01-AzureIowa,asulliv
MJ0B15TQ,STP-IT-D-004761,Symtrax - Compleo Suite 5,{fb9c7fcb-f184-4dad-8d22-1de82d9c3628},5.1.00,STP01-StPaul,kimmbd01
R90W1AJG,STP-MK-L-000636,Symtrax - Compleo Suite 5,{fb9c7fcb-f184-4dad-8d22-1de82d9c3628},5.1.00,AZR01-AzureIowa,slevine
R90LVHW4,STP-MK-L-002095,Symtrax - Compleo Suite 5,{fb9c7fcb-f184-4dad-8d22-1de82d9c3628},5.1.00,STP01-StPaul,rfricke
PC177MN4,STP-MT-L-004054,Symtrax - Compleo Suite 5,{fb9c7fcb-f184-4dad-8d22-1de82d9c3628},5.1.00,AZR01-AzureIowa,rheagne
R90MJ7JY,STP-OP-L-000165,Symtrax - Compleo Suite 5,{fb9c7fcb-f184-4dad-8d22-1de82d9c3628},5.1.00,AZR01-AzureIowa,avang
R90W1AHD,STP-OP-L-000643,Symtrax - Compleo Suite 5,{fb9c7fcb-f184-4dad-8d22-1de82d9c3628},5.1.00,AZR01-AzureIowa,bvasqu
R90VNPGW,STP-OP-L-000861,Symtrax - Compleo Suite 5,{fb9c7fcb-f184-4dad-8d22-1de82d9c3628},5.1.00,AZR01-AzureIowa,jalarso
R90VW29L,STP-OP-L-000867,Symtrax - Compleo Suite 5,{fb9c7fcb-f184-4dad-8d22-1de82d9c3628},5.1.00,AZR01-AzureIowa,cmcgint
R90TYDM3,STP-OP-L-001871,Symtrax - Compleo Suite 5,{fb9c7fcb-f184-4dad-8d22-1de82d9c3628},5.1.00,ROC02-RochesterIC,Larsonaa
R90K8MYV,STP-OP-L-001994,Symtrax - Compleo Suite 5,{fb9c7fcb-f184-4dad-8d22-1de82d9c3628},5.1.00,AZR01-AzureIowa,khender
R90QAKX0,STP-OP-L-003087,Symtrax - Compleo Suite 5,{fb9c7fcb-f184-4dad-8d22-1de82d9c3628},5.1.00,AZR01-AzureIowa,jgauthi
PF1CG2QM,STP-OP-L-004346,Symtrax - Compleo Suite 5,{fb9c7fcb-f184-4dad-8d22-1de82d9c3628},5.1.00,STP01-StPaul,mfehlbe
R90T69JV,STP-OP-M-001536,Symtrax - Compleo Suite 5,{fb9c7fcb-f184-4dad-8d22-1de82d9c3628},5.1.00,AZR01-AzureIowa,Seamansd
R90TCE3C,STP-OP-M-001584,Symtrax - Compleo Suite 5,{fb9c7fcb-f184-4dad-8d22-1de82d9c3628},5.1.00,FGO01-Fargo,bday
R90VKHE2,STP-PD-L-002112,Symtrax - Compleo Suite 5,{fb9c7fcb-f184-4dad-8d22-1de82d9c3628},5.1.00,STP01-StPaul,joakvik
R90VNPGQ,STP-SC-L-001925,Symtrax - Compleo Suite 5,{fb9c7fcb-f184-4dad-8d22-1de82d9c3628},5.1.00,AZR01-AzureIowa,mhenkem
R90W1AGV,STP-SC-L-004041,Symtrax - Compleo Suite 5,{fb9c7fcb-f184-4dad-8d22-1de82d9c3628},5.1.00,AZR01-AzureIowa,Ritterk
PF1CHMNH,STP-SC-L-004248,Symtrax - Compleo Suite 5,{fb9c7fcb-f184-4dad-8d22-1de82d9c3628},5.1.00,AZR01-AzureIowa,jgardne1
R90TLELY,STP-SL-L-001667,Symtrax - Compleo Suite 5,{fb9c7fcb-f184-4dad-8d22-1de82d9c3628},5.1.00,AZR01-AzureIowa,kniemi
R90W1AJP,STP-SL-L-002358,Symtrax - Compleo Suite 5,{fb9c7fcb-f184-4dad-8d22-1de82d9c3628},5.1.00,AZR01-AzureIowa,Nentlm
MJ0ATLKF,STP-SL-L-004498,Symtrax - Compleo Suite 5,{fb9c7fcb-f184-4dad-8d22-1de82d9c3628},5.1.00,STP01-StPaul,rikecl01
PC177MMS,STP-ST-L-000633,Symtrax - Compleo Suite 5,{fb9c7fcb-f184-4dad-8d22-1de82d9c3628},5.1.00,STP01-StPaul,tgeary
